Expert Names,Games Predicted Right,Games Predicted Wrong,Accuracy
Acho,94,55,0.630872483
Bowen,97,52,0.651006711
Clay,89,60,0.597315436
Fowler,78,71,0.523489933
Foxworth,89,60,0.597315436
Graziano,87,62,0.583892617
Ninkovich,93,56,0.624161074
Rutledge,97,52,0.651006711
Seifert,89,60,0.597315436
Wickersham,88,61,0.590604027
Woody,69,49,0.584745763
